{"chunk_definitions":[{"row":9,"row_count":1,"visible":true,"expansion_state":0,"options":{"engine":"r","label":"setup","include":false},"document_id":"FDE1B797","chunk_id":"csetup_chunk","chunk_label":"setup"},{"row":22,"row_count":1,"visible":true,"expansion_state":0,"options":{"engine":"r","label":"cars"},"document_id":"FDE1B797","chunk_id":"csxaksayrqvdh","chunk_label":"Primeiro Programa"},{"row":28,"row_count":1,"visible":true,"expansion_state":0,"options":{"engine":"r","label":"unnamed-chunk-1"},"document_id":"FDE1B797","chunk_id":"ca4p5hq2j4ajs","chunk_label":"unnamed-chunk-1"},{"row":40,"row_count":1,"visible":true,"expansion_state":0,"options":{"engine":"r","label":"penguin data"},"document_id":"FDE1B797","chunk_id":"c1hko65cjh3vt","chunk_label":"penguin data"},{"row":46,"row_count":1,"visible":true,"expansion_state":0,"options":{"engine":"r","label":"plot for penguin"},"document_id":"FDE1B797","chunk_id":"cc966a6sqwefk","chunk_label":"plot for penguin"}],"doc_write_time":1702687320,"working_dir":null,"default_chunk_options":{"echo":true},"chunk_rendered_width":482}